"X1","X2","d"
"fosA11","NG_245156.1","ARO:NA"
"cphA-18","NG_245844.1","ARO:NA"
"blaOXA-1433","NG_246049.1","ARO:NA"
"cphA-10","NG_047671.1","ARO:NA"
"blaOXA-1209","NG_245980.1","ARO:NA"
"cphA-18","NG_245844.1","ARO:NA"
"blaOXA-1209","NG_245980.1","ARO:NA"
"blaMOX-9","NG_049322.1","ARO:3002191"
"cphA-18","NG_245844.1","ARO:NA"
"blaOXA-1209","NG_245980.1","ARO:NA"
"mleBCA","NG_245857.1","ARO:NA"
"fosS","NG_245787.1","ARO:NA"
"mleBRB","NG_245859.1","ARO:NA"
"mleCBF","NG_245860.1","ARO:NA"
"nms","NG_244668.1","ARO:NA"
"blaPEN-bcc","NG_048030.1","ARO:3009024"
"mleCBF","NG_245860.1","ARO:NA"
"blaPER-2","NG_049961.1","ARO:3002364"
"mleCBF","NG_245860.1","ARO:NA"
"estX-3","NG_245845.1","ARO:NA"
"vanY-N","NG_048515.1","ARO:3002956"
"blaPEN-bcc","NG_048030.1","ARO:3009024"
"mleBRB","NG_245859.1","ARO:NA"
"blaPEN-bcc","NG_048030.1","ARO:3009024"
"mleBCA","NG_245857.1","ARO:NA"
"blaCEMC19-1","NG_244478.1","ARO:NA"
"vanY-N","NG_048515.1","ARO:3002956"
"blaAHM-1","NG_244472.1","ARO:NA"
"blaAHM-1","NG_244472.1","ARO:NA"
"blaOXA-1434","NG_246050.1","ARO:NA"
"blaSPI-3","NG_245125.1","ARO:NA"
"blaCEMC19-1","NG_244478.1","ARO:NA"
"mleBRB","NG_245859.1","ARO:NA"
"estX","NG_245786.1","ARO:3002895"
"blaAHM-1","NG_244472.1","ARO:NA"
"blaAVDC-1","NG_244670.1","ARO:NA"
"blaOXA-1435","NG_246051.1","ARO:NA"
"mleBCA","NG_245857.1","ARO:NA"
"blaADC-394","NG_244468.1","ARO:NA"
"cmeB_RE","NG_242531.1","ARO:3000784"
"cphA-1","NG_047667.1","ARO:NA"
"mlePBA","NG_245861.1","ARO:NA"
"mlePBB","NG_245862.1","ARO:NA"
"vanY-N","NG_048515.1","ARO:3002956"
"blaPEN-bcc","NG_048030.1","ARO:3009024"
"mleBCB","NG_245858.1","ARO:NA"
"ant(3'')-Ic","NG_246019.1","ARO:NA"
"blaADC-387","NG_244461.1","ARO:NA"
"mleCBF","NG_245860.1","ARO:NA"
"mleBRB","NG_245859.1","ARO:NA"
"blaCHA-1","NG_246034.1","ARO:NA"
"blaOXA-1378","NG_245037.1","ARO:NA"
"mleBCA","NG_245857.1","ARO:NA"
"blaCHC-1","NG_246035.1","ARO:NA"
"blaCHA-1","NG_246034.1","ARO:NA"
"blaOXA-1378","NG_245037.1","ARO:NA"
"mleBCA","NG_245857.1","ARO:NA"
"mleBCA","NG_245857.1","ARO:NA"
"mleCBF","NG_245860.1","ARO:NA"
"mlePBB","NG_245862.1","ARO:NA"
"blaMIM-1","NG_244533.1","ARO:NA"
"blaCOR-1","NG_245165.1","ARO:NA"
"vanY-N","NG_048515.1","ARO:3002956"
"mlePBA","NG_245861.1","ARO:NA"
"mleCBF","NG_245860.1","ARO:NA"
"blaCIM2-1","NG_245790.1","ARO:NA"
"blaELC-2","NG_244678.1","ARO:NA"
"blaELC-1","NG_244677.1","ARO:NA"
"blaAHM-1","NG_244472.1","ARO:NA"
"blaOXA-1209","NG_245980.1","ARO:NA"
"mleBCA","NG_245857.1","ARO:NA"
"blaMIM-1","NG_244533.1","ARO:NA"
"cphA-4","NG_050397.1","ARO:NA"
"blaSAM-1","NG_244640.1","ARO:NA"
"cmeB_RE","NG_242531.1","ARO:3000784"
"ant(3'')-IId","NG_245776.1","ARO:NA"
"blaCESS-1","NG_244672.1","ARO:NA"
"mleBCB","NG_245858.1","ARO:NA"
"blaCESS-1","NG_244672.1","ARO:NA"
"cphA-3","NG_047668.1","ARO:NA"
"blaCMH-2","NG_048767.1","ARO:3006854"
"blaOXA-1206","NG_231555.1","ARO:3008618"
"blaOXA-1434","NG_246050.1","ARO:NA"
"blaPEN-bcc","NG_048030.1","ARO:3009024"
"blaPEN-bcc","NG_048030.1","ARO:3009024"
"mlePBB","NG_245862.1","ARO:NA"
"mleBCA","NG_245857.1","ARO:NA"
"mleBCA","NG_245857.1","ARO:NA"
"blaFOX-22","NG_245869.1","ARO:NA"
"cphA-5","NG_050398.1","ARO:NA"
"mleBCB","NG_245858.1","ARO:NA"
"mleBCA","NG_245857.1","ARO:NA"
"mleCBF","NG_245860.1","ARO:NA"
"mleCBF","NG_245860.1","ARO:NA"
"mleBCA","NG_245857.1","ARO:NA"
"mlePBB","NG_245862.1","ARO:NA"
"mleCBF","NG_245860.1","ARO:NA"
"mlePBB","NG_245862.1","ARO:NA"
"mlePBB","NG_245862.1","ARO:NA"
"mleBCA","NG_245857.1","ARO:NA"
"mleBCA","NG_245857.1","ARO:NA"
"mleBCA","NG_245857.1","ARO:NA"
"blaACT-126","NG_244402.1","ARO:NA"
"blaCHA-1","NG_246034.1","ARO:NA"
"blaCHC-1","NG_246035.1","ARO:NA"
"blaOXA-1378","NG_245037.1","ARO:NA"
"blaCHA-1","NG_246034.1","ARO:NA"
"blaCHC-1","NG_246035.1","ARO:NA"
"blaOXA-1378","NG_245037.1","ARO:NA"
"blaCHA-1","NG_246034.1","ARO:NA"
"blaCHC-1","NG_246035.1","ARO:NA"
"blaOXA-1206","NG_231555.1","ARO:3008618"
"vanY-N","NG_048515.1","ARO:3002956"
"mlePBA","NG_245861.1","ARO:NA"
"mleBCB","NG_245858.1","ARO:NA"
"vanY-N","NG_048515.1","ARO:3002956"
"mleCBF","NG_245860.1","ARO:NA"
"vanY-N","NG_048515.1","ARO:3002956"
"kamC","NG_245157.1","ARO:NA"
"vanY-N","NG_048515.1","ARO:3002956"
"blaOXA-1206","NG_231555.1","ARO:3008618"
"blaCEMC19-1","NG_244478.1","ARO:NA"
"mleCBF","NG_245860.1","ARO:NA"
"blaAHM-1","NG_244472.1","ARO:NA"
"mleCBF","NG_245860.1","ARO:NA"
"blaTEL-1","NG_244650.1","ARO:NA"
"blaFOX-11","NG_245868.1","ARO:NA"
"mleBCA","NG_245857.1","ARO:NA"
"blaOXA-1434","NG_246050.1","ARO:NA"
"blaELC-2","NG_244678.1","ARO:NA"
"ant(3'')-Ic","NG_246019.1","ARO:NA"
"mleCBF","NG_245860.1","ARO:NA"
"blaCEMC19-1","NG_244478.1","ARO:NA"
"blaOXA-1206","NG_231555.1","ARO:3008618"
"cphA-18","NG_245844.1","ARO:NA"
"blaPEN-bcc","NG_048030.1","ARO:3009024"
"blaPEN-bcc","NG_048030.1","ARO:3009024"
"vanY-N","NG_048515.1","ARO:3002956"
"mleBCB","NG_245858.1","ARO:NA"
"blaOXA-1206","NG_231555.1","ARO:3008618"
"mlePBB","NG_245862.1","ARO:NA"
"blaPAN-1","NG_244596.1","ARO:NA"
"blaSIQ-1","NG_244648.1","ARO:NA"
"mleCBF","NG_245860.1","ARO:NA"
"mleBCB","NG_245858.1","ARO:NA"
"mleBRB","NG_245859.1","ARO:NA"
"mlePBA","NG_245861.1","ARO:NA"
"blaOXA-1206","NG_231555.1","ARO:3008618"
"mlePBA","NG_245861.1","ARO:NA"
"mleCBF","NG_245860.1","ARO:NA"
"vanY-N","NG_048515.1","ARO:3002956"
"vanY-N","NG_048515.1","ARO:3002956"
"blaOXA-1206","NG_231555.1","ARO:3008618"
"mlePBB","NG_245862.1","ARO:NA"
"cphA-2","NG_050396.1","ARO:NA"
"estX","NG_245780.1","ARO:3002895"
"vanY-N","NG_048515.1","ARO:3002956"
"blaCEMC19-1","NG_244478.1","ARO:NA"
"blaOXA-1206","NG_231555.1","ARO:3008618"
"blaCEMC19-1","NG_244478.1","ARO:NA"
"blaCEMC19-1","NG_244478.1","ARO:NA"
"blaCEMC19-1","NG_244478.1","ARO:NA"
"dfrA52","NG_245154.1","ARO:NA"
"blaAHM-1","NG_244472.1","ARO:NA"
"ant(3'')-Ic","NG_246019.1","ARO:NA"
"cphA-16","NG_047666.1","ARO:NA"
"cfr(F)","NG_246020.1","ARO:NA"
"blaCMY-217","NG_244496.1","ARO:NA"
"vanY-N","NG_048515.1","ARO:3002956"
"vanY-N","NG_048515.1","ARO:3002956"
"blaACT-215","NG_245788.1","ARO:NA"
"blaLEN-116","NG_244711.1","ARO:NA"
"estX-3","NG_245845.1","ARO:NA"
"ampC_Kaer-1","NG_051160.1","ARO:NA"
"blaACT-138","NG_244413.1","ARO:NA"
"dfrB13","NG_246021.1","ARO:NA"
"dfrB21","NG_246022.1","ARO:NA"
"dfrB21","NG_246022.1","ARO:NA"
"blaCMY-216","NG_244495.1","ARO:NA"
"ampC_Kaer-1","NG_051160.1","ARO:NA"
"cdiA-2","NG_047543.1","ARO:NA"
"blaOXA-1383","NG_245184.1","ARO:NA"
"blaOXA-1180","NG_245850.1","ARO:NA"
"dfrA52","NG_245154.1","ARO:NA"
"blaACT-211","NG_244431.1","ARO:NA"
"blaCJO-1","NG_245791.1","ARO:NA"
"blaMOX-9","NG_049322.1","ARO:3002191"
"blaOXA-MSI","NG_244594.1","ARO:NA"
"mleBCA","NG_245857.1","ARO:NA"
"mleBCA","NG_245857.1","ARO:NA"
"blaCEMC19-1","NG_244478.1","ARO:NA"
"mleBCA","NG_245857.1","ARO:NA"
"blaAXC-9","NG_246033.1","ARO:NA"
"mleBCA","NG_245857.1","ARO:NA"
"blaCESS-1","NG_244672.1","ARO:NA"
"mleBCA","NG_245857.1","ARO:NA"
"blaEBR-6","NG_245848.1","ARO:NA"
"blaOXA-MSI","NG_244594.1","ARO:NA"
"blaOXA-1347","NG_244564.1","ARO:NA"
"blaCESS-1","NG_244672.1","ARO:NA"
"blaCESS-1","NG_244672.1","ARO:NA"
"blaCESS-1","NG_244672.1","ARO:NA"
"ant(3'')-Ic","NG_246019.1","ARO:NA"
"blaCESS-1","NG_244672.1","ARO:NA"
"mlePBB","NG_245862.1","ARO:NA"
"blaPOM-3","NG_246008.1","ARO:NA"
"blaSPI-9","NG_245131.1","ARO:NA"
"blaELC-2","NG_244678.1","ARO:NA"
"blaASDC-1","NG_244473.1","ARO:NA"
"blaCESS-1","NG_244672.1","ARO:NA"
"mrx(A)","NG_245863.1","ARO:NA"
"blaOKP-B-146","NG_244936.1","ARO:NA"
"blaTEL-1","NG_244650.1","ARO:NA"
"ant(3'')-Ic","NG_246019.1","ARO:NA"
"dfrA52","NG_245154.1","ARO:NA"
